Rank,Team,Conf,BPI,PVA,Conf_rk,Record,RAW,RAW_rk,SOS,SOS_rk,Var,Var_rk
1,Arizona,Pac-12,92.5,20.6,1,21-1,79.5,4,63.1,43,5.1,351
2,Syracuse,ACC,89.9,17.9,1,22-0,79.8,3,60.1,71,7.6,346
3,Kansas,Big 12,89.8,17.9,1,16-5,68.9,34,71.0,1,8.7,341
4,Florida,SEC,89.5,17.5,1,19-2,77.1,5,62.3,50,5.7,349
5,Kentucky,SEC,88.5,16.7,2,16-5,72.4,20,66.1,9,8.2,345
6,Iowa State,Big 12,88.2,16.5,2,17-4,67.9,40,70.4,2,6.8,347
7,Villanova,Big East,88.0,16.4,1,20-2,76.0,8,62.0,55,10.1,336
8,Pittsburgh,ACC,87.7,16.1,2,18-4,76.1,7,61.6,60,8.2,344
9,Michigan State,Big Ten,87.7,16.1,1,19-3,74.4,17,63.2,42,10.4,332
10,Iowa,Big Ten,87.5,16.0,2,17-5,75.5,11,62.0,54,6.8,348
11,Duke,ACC,87.3,15.8,3,17-5,73.9,18,63.4,37,11.8,321
12,Wichita State,MVC,87.2,15.7,1,23-0,82.5,1,54.7,115,8.6,342
13,Creighton,Big East,86.7,15.4,2,18-3,76.8,6,60.0,76,10.6,331
14,Louisville,AAC,86.1,14.9,1,18-4,80.6,2,55.4,111,10.0,337
15,Ohio State,Big Ten,85.8,14.8,3,17-5,71.5,24,64.3,24,11.2,328
16,Oklahoma State,Big 12,85.5,14.6,3,16-6,70.6,27,65.0,19,10.1,335
17,UCLA,Pac-12,85.0,14.2,2,17-5,70.8,26,64.2,25,11.3,326
18,Wisconsin,Big Ten,84.6,14.0,4,17-5,70.0,30,64.6,22,13.6,300
19,Virginia,ACC,84.0,13.6,4,17-5,71.7,23,62.3,49,13.8,297
20,Michigan,Big Ten,84.0,13.6,5,16-5,68.3,36,65.7,10,11.0,329
21,San Diego State,MW,82.5,12.7,1,19-1,75.6,10,57.0,97,9.6,338
22,Cincinnati,AAC,82.5,12.7,2,21-2,75.2,12,57.4,92,12.4,317
23,Massachusetts,A 10,82.1,12.5,1,17-4,65.7,49,66.4,8,11.4,325
24,Saint Louis,A 10,81.9,12.4,2,20-2,75.1,13,56.8,99,9.4,340
25,Oregon,Pac-12,81.8,12.3,3,15-6,67.1,41,64.7,20,12.6,314
26,Gonzaga,WCC,81.6,12.2,1,20-3,74.9,14,56.6,100,15.4,265
27,Oklahoma,Big 12,81.6,12.2,4,17-5,63.2,66,68.3,3,10.3,333
28,VCU,A 10,81.5,12.1,3,18-4,71.0,25,60.5,68,13.6,302
29,Connecticut,AAC,80.7,11.7,3,17-4,69.6,31,61.1,65,13.1,309
30,SMU,AAC,80.3,11.5,4,17-5,72.2,21,58.1,88,10.3,334
31,Texas,Big 12,79.6,11.2,5,17-4,64.0,61,65.6,11,12.6,315
32,Missouri,SEC,79.5,11.1,3,16-5,65.9,48,63.6,34,12.3,319
33,Harvard,Ivy,78.7,10.7,1,17-3,74.7,16,53.9,123,12.3,318
34,Arizona State,Pac-12,77.8,10.3,4,16-6,66.3,44,61.5,61,17.5,187
35,Stanford,Pac-12,77.7,10.3,5,14-7,60.6,90,67.2,4,15.1,270
36,Minnesota,Big Ten,77.4,10.1,6,15-7,64.1,59,63.3,39,14.3,283
37,Memphis,AAC,77.3,10.1,5,16-5,68.1,38,59.2,79,15.8,254
38,Tennessee,SEC,77.3,10.0,4,14-7,68.1,37,59.2,81,16.5,225
39,G. Washington,A 10,77.0,9.9,4,17-4,67.9,39,59.1,82,16.7,217
40,North Carolina,ACC,76.8,9.8,5,14-7,63.8,64,63.0,44,16.5,226
41,Florida State,ACC,76.8,9.8,6,13-8,61.5,83,65.3,13,15.8,257
42,New Mexico,MW,76.8,9.8,2,17-4,64.7,56,62.1,53,14.3,286
43,Xavier,Big East,76.4,9.6,3,15-7,61.1,87,65.2,15,18.7,135
44,Utah,Pac-12,76.3,9.6,6,14-7,70.4,28,55.9,108,10.7,330
45,Colorado,Pac-12,76.0,9.5,7,16-6,58.9,101,67.2,5,17.4,192
46,Arkansas,SEC,75.9,9.4,5,13-8,64.0,60,61.9,57,16.1,244
47,LSU,SEC,75.9,9.4,6,14-6,62.4,72,63.4,35,15.3,266
48,Kansas State,Big 12,75.8,9.4,6,15-7,61.9,80,63.9,30,19.6,100
49,BYU,WCC,74.7,8.9,2,15-9,61.3,85,63.4,36,18.1,160
50,West Virginia,Big 12,74.6,8.8,7,13-9,60.0,95,64.6,21,13.8,296
51,Boise State,MW,74.6,8.8,3,15-7,64.6,57,60.0,73,11.2,327
52,Baylor,Big 12,74.6,8.8,8,14-7,62.1,77,62.4,48,15.8,256
53,California,Pac-12,74.6,8.8,8,15-7,61.8,81,62.8,46,19.1,119
54,Southern Miss,C-USA,74.5,8.8,1,19-3,74.9,15,49.6,170,14.9,273
55,Louisiana Tech,C-USA,74.2,8.7,2,18-5,73.7,19,50.6,157,15.8,255
56,St. John's,Big East,74.0,8.6,4,13-9,58.8,102,65.2,16,14.3,282
57,Clemson,ACC,73.9,8.6,7,14-6,65.5,51,58.4,87,17.7,177
58,Providence,Big East,73.9,8.5,5,16-6,60.6,89,63.3,41,17.1,201
59,Ole Miss,SEC,73.2,8.2,7,15-6,61.4,84,61.8,58,12.5,316
60,Indiana,Big Ten,72.9,8.1,7,14-8,62.5,71,60.5,67,18.6,139
61,Saint Mary's,WCC,72.6,8.0,3,16-7,65.6,50,57.1,96,21.5,49
62,Maryland,ACC,72.5,7.9,8,13-9,57.3,116,65.2,17,18.8,133
63,UNLV,MW,72.3,7.8,4,15-7,65.1,52,57.2,94,17.1,204
64,Toledo,MAC,71.9,7.7,1,18-3,68.5,35,53.5,128,12.2,320
65,Green Bay,Horizon,71.7,7.6,1,18-4,70.2,29,51.5,144,15.8,253
66,Illinois,Big Ten,71.3,7.4,8,13-9,56.2,127,65.0,18,16.1,242
67,Dayton,A 10,71.1,7.4,5,14-8,61.7,82,59.4,78,20.1,87
68,Saint Joseph's,A 10,70.9,7.3,6,15-6,58.5,107,62.3,51,15.5,262
69,Notre Dame,ACC,70.4,7.1,9,12-11,55.1,139,65.3,12,15.7,259
70,Richmond,A 10,70.3,7.0,7,14-8,56.4,124,63.9,31,15.6,261
71,Penn State,Big Ten,69.7,6.8,9,12-10,54.4,146,65.3,14,14.4,280
72,Georgetown,Big East,69.6,6.8,6,13-9,55.5,135,64.1,27,20.8,65
73,St. Bonaventure,A 10,69.2,6.7,8,13-8,62.0,78,57.2,93,19.5,102
74,Nebraska,Big Ten,69.1,6.6,10,11-9,52.5,167,66.5,6,17.7,178
75,Marquette,Big East,68.5,6.4,7,12-10,54.4,147,64.2,26,16.2,239
76,Ohio,MAC,68.1,6.2,2,16-5,63.9,63,54.2,121,16.8,213
77,North Dakota St,Summit,67.7,6.1,1,16-6,65.9,47,51.8,142,17.6,184
78,NC State,ACC,67.7,6.1,10,14-8,54.4,145,63.3,40,17.7,180
79,Butler,Big East,67.6,6.0,8,12-9,56.4,125,61.2,62,16.8,215
80,Texas Tech,Big 12,67.2,5.9,9,11-11,53.6,157,63.7,33,15.1,269
81,New Mexico St,WAC,66.9,5.8,1,17-7,66.1,46,50.8,153,18.2,156
82,Cleveland State,Horizon,66.6,5.7,2,15-9,64.0,62,52.7,135,16.9,209
83,Wake Forest,ACC,66.3,5.6,11,14-8,53.6,156,62.7,47,17.9,173
84,Oregon State,Pac-12,66.2,5.5,9,13-8,56.3,126,60.0,75,19.0,125
85,Delaware,CAA,66.2,5.5,1,17-7,60.2,93,56.0,106,14.3,285
86,Wyoming,MW,66.1,5.5,5,14-7,62.3,75,53.7,127,16.1,241
87,Mercer,A-Sun,66.0,5.5,1,18-6,69.6,32,46.5,208,16.8,212
88,Vanderbilt,SEC,65.9,5.4,8,12-8,52.9,165,63.0,45,17.4,194
89,Alabama,SEC,65.5,5.3,9,9-12,49.0,206,66.5,7,18.6,142
90,UC Santa Barbara,Big West,65.4,5.2,1,14-6,66.6,43,48.8,181,19.5,103
91,Indiana State,MVC,65.4,5.2,2,17-5,65.1,53,50.3,160,18.5,148
92,Seton Hall,Big East,65.3,5.2,9,13-9,57.8,112,57.5,90,18.6,140
93,Purdue,Big Ten,65.3,5.2,11,13-9,53.2,161,62.1,52,15.4,264
94,SF Austin,Southland,65.2,5.1,1,20-2,75.6,9,39.6,307,13.6,303
95,UTEP,C-USA,65.1,5.1,3,16-6,61.9,79,53.2,131,19.1,121
96,Iona,MAAC,64.7,5.0,1,12-8,60.3,91,54.3,120,18.4,149
97,Utah State,MW,64.6,4.9,6,12-9,58.1,109,56.5,102,21.0,59
98,Manhattan,MAAC,64.0,4.7,2,14-6,63.2,67,50.8,152,17.6,185
99,Hawaii,Big West,63.8,4.7,2,15-6,64.8,54,49.0,177,18.7,134
100,Princeton,Ivy,63.5,4.5,2,12-5,64.2,58,49.3,174,18.5,146
101,La Salle,A 10,63.5,4.5,9,12-9,51.8,176,61.7,59,21.2,54
102,Georgia State,Sun Belt,63.0,4.4,1,16-6,67.0,42,46.1,212,18.5,145
103,Miami (FL),ACC,62.8,4.3,12,11-10,53.4,159,59.4,77,22.5,27
104,Nevada,MW,62.6,4.2,7,12-10,51.5,178,61.0,66,18.2,154
105,Middle Tennessee,C-USA,62.6,4.2,4,15-7,63.0,69,49.6,169,17.8,175
106,Portland,WCC,62.5,4.2,4,13-10,58.8,103,53.8,126,23.1,17
107,UC Irvine,Big West,62.3,4.1,3,14-9,62.3,76,50.1,164,19.3,110
108,San Francisco,WCC,62.1,4.1,5,14-9,54.8,142,57.4,91,21.6,48
109,Auburn,SEC,62.0,4.0,10,10-9,52.0,172,60.0,74,21.7,47
110,Washington,Pac-12,61.5,3.8,10,13-9,50.4,191,61.1,64,20.6,69
111,E Michigan,MAC,61.4,3.8,3,12-9,55.5,137,55.9,107,14.3,287
112,Northern Iowa,MVC,61.2,3.7,3,11-11,54.3,148,56.9,98,22.9,22
113,Vermont,Am. East,60.8,3.6,1,14-9,63.7,65,47.1,198,22.7,24
114,Akron,MAC,60.3,3.4,4,14-7,56.5,122,53.8,125,21.7,46
115,South Carolina,SEC,60.3,3.4,11,8-13,48.3,212,61.9,56,24.0,9
116,Tulsa,C-USA,60.0,3.3,5,10-11,51.4,180,58.6,84,21.1,57
117,Pacific,WCC,59.9,3.3,6,12-9,51.4,181,58.5,85,23.0,19
118,Northwestern,Big Ten,59.8,3.3,12,12-11,45.3,244,64.5,23,22.3,30
119,Colorado State,MW,59.5,3.1,8,12-10,56.2,128,53.3,130,14.9,276
120,IPFW,Summit,59.4,3.1,2,18-6,66.2,45,43.1,254,16.7,218
121,Denver,Summit,59.4,3.1,3,11-11,55.0,140,54.4,118,23.0,20
122,Belmont,OVC,59.3,3.1,1,17-8,59.0,99,50.4,159,18.9,130
123,Georgia Tech,ACC,59.3,3.1,13,12-10,50.7,190,58.6,83,19.7,99
124,Drexel,CAA,59.3,3.1,2,12-10,53.0,164,56.3,103,20.3,81
125,Texas A&M,SEC,59.2,3.1,12,12-9,54.1,152,55.1,112,24.8,5
126,American U,Patriot,58.9,3.0,1,14-7,62.9,70,46.0,215,21.0,58
127,Georgia,SEC,58.8,2.9,13,10-10,48.6,210,60.2,70,21.7,44
128,Buffalo,MAC,58.8,2.9,5,11-7,59.7,96,49.1,175,25.8,2
129,Charlotte,C-USA,58.8,2.9,6,14-7,57.9,111,50.9,149,21.8,43
130,Columbia,Ivy,58.7,2.9,3,13-8,62.4,73,46.3,210,18.5,147
131,Valparaiso,Horizon,58.2,2.7,3,14-10,59.3,97,48.9,178,23.5,13
132,Canisius,MAAC,57.9,2.6,3,16-7,60.9,88,47.0,199,23.7,11
133,N Carolina Cent,MEAC,57.7,2.5,1,16-5,69.3,33,38.4,318,17.1,203
134,Pepperdine,WCC,57.7,2.5,7,13-10,53.0,163,54.7,116,24.0,10
135,Omaha,Summit,57.6,2.5,4,13-9,58.9,100,48.8,182,15.0,271
136,UAB,C-USA,57.6,2.5,7,14-7,59.2,98,48.4,186,19.1,122
137,George Mason,A 10,57.4,2.5,10,7-14,43.7,266,63.7,32,13.5,304
138,Towson,CAA,57.0,2.3,3,14-8,58.6,106,48.4,185,17.5,186
139,Stony Brook,Am. East,57.0,2.3,2,16-7,62.4,74,44.6,230,14.9,274
140,LA-Lafayette,Sun Belt,56.9,2.3,2,13-9,60.1,94,46.7,204,22.4,29
141,Missouri State,MVC,56.7,2.2,4,15-7,54.2,150,52.5,140,18.2,155
142,W Kentucky,Sun Belt,56.7,2.2,3,15-7,56.4,123,50.3,161,18.3,153
143,San Diego,WCC,56.4,2.1,8,13-11,54.9,141,51.5,143,18.6,141
144,DePaul,Big East,56.4,2.1,10,10-13,42.4,278,64.0,29,17.3,196
145,Rhode Island,A 10,56.3,2.1,11,11-11,50.0,194,56.3,104,19.1,124
146,USC,Pac-12,56.3,2.1,11,10-12,43.0,272,63.3,38,17.1,199
147,E Kentucky,OVC,56.3,2.1,2,16-7,64.7,55,41.6,273,19.9,95
148,Youngstown St,Horizon,55.9,1.9,4,13-10,58.8,104,47.2,197,15.5,263
149,Boston U,Patriot,55.6,1.9,2,15-8,55.1,138,50.5,158,19.5,105
150,Fresno State,MW,54.8,1.6,9,9-13,44.3,255,60.4,69,16.3,235
151,Temple,AAC,54.4,1.4,6,6-14,43.2,270,61.2,63,19.1,120
152,Kent State,MAC,54.3,1.4,6,12-9,54.3,149,50.1,165,16.3,236
153,Davidson,Southern,54.2,1.4,1,12-11,54.1,151,50.1,163,21.8,41
154,Quinnipiac,MAAC,54.2,1.4,4,13-8,55.5,136,48.7,184,22.7,25
155,Long Beach St,Big West,54.2,1.4,4,9-12,45.7,237,58.5,86,16.2,238
156,Illinois State,MVC,54.2,1.4,5,12-10,49.3,201,54.8,113,24.5,6
157,Duquesne,A 10,53.8,1.2,12,10-10,51.4,182,52.4,141,16.6,220
158,Morehead State,OVC,53.6,1.2,3,15-9,56.9,119,46.7,207,17.0,208
159,Boston College,ACC,53.5,1.2,14,6-15,39.5,299,64.0,28,17.5,189
160,N Colorado,Big Sky,53.5,1.1,1,13-6,63.0,68,40.4,294,22.1,32
161,Houston,AAC,53.4,1.1,7,11-11,49.1,204,54.4,119,22.0,33
162,Wright State,Horizon,53.3,1.1,5,13-12,57.8,113,45.5,222,19.0,129
163,William & Mary,CAA,53.2,1.1,4,13-8,53.8,154,49.4,172,24.2,8
164,Drake,MVC,53.2,1.0,6,12-10,50.3,193,52.9,134,23.5,14
165,Milwaukee,Horizon,53.1,1.0,6,15-9,53.4,158,49.7,167,21.9,38
166,Washington St,Pac-12,52.8,0.9,12,9-12,43.7,267,59.2,80,20.4,77
167,South Florida,AAC,52.6,0.8,8,11-11,44.6,253,57.9,89,19.3,113
168,Virginia Tech,ACC,52.6,0.8,15,8-13,42.5,277,60.1,72,19.0,126
169,Mississippi St,SEC,52.3,0.8,14,13-8,49.7,197,52.6,138,17.0,206
170,Weber State,Big Sky,52.3,0.7,2,11-7,58.5,108,43.8,244,19.9,96
171,Bucknell,Patriot,52.0,0.6,3,10-11,53.1,162,48.8,180,27.4,1
172,Bryant,NEC,51.8,0.6,1,14-9,56.0,131,45.8,216,14.6,279
173,W Michigan,MAC,51.6,0.5,7,12-8,54.7,143,46.9,200,21.1,56
174,Cal Poly,Big West,51.4,0.5,5,8-13,47.5,221,53.9,124,20.9,63
175,Arkansas State,Sun Belt,51.2,0.4,4,12-8,56.1,130,45.1,224,19.7,98
176,Fordham,A 10,51.1,0.4,13,9-12,44.0,260,57.1,95,20.4,76
177,UCF,AAC,50.9,0.3,9,9-10,47.6,220,53.3,129,16.6,222
178,USC Upstate,A-Sun,50.5,0.2,2,13-10,57.6,115,42.9,259,18.5,143
179,Brown,Ivy,50.5,0.2,4,11-7,61.2,86,39.3,310,18.1,161
180,Loyola Mary,WCC,50.5,0.2,9,11-12,44.7,252,55.9,109,18.8,132
181,Old Dominion,C-USA,50.5,0.2,8,10-12,47.4,223,53.1,132,19.2,116
182,Utah Valley,WAC,50.1,0.0,2,13-8,55.6,134,44.5,234,14.1,291
183,Rutgers,AAC,49.9,-0.0,10,9-13,45.2,245,54.7,114,17.1,200
184,Holy Cross,Patriot,49.8,-0.1,4,12-10,52.5,168,47.3,195,20.2,84
185,Bowling Green,MAC,49.7,-0.1,8,10-11,46.7,230,53.0,133,19.9,94
186,Detroit,Horizon,49.7,-0.1,7,10-14,48.2,213,51.4,145,19.2,115
187,Robert Morris,NEC,49.6,-0.1,2,12-11,49.0,205,50.6,156,16.4,230
188,Dartmouth,Ivy,49.6,-0.1,5,9-9,54.0,153,45.5,221,23.2,16
189,Murray State,OVC,49.2,-0.3,4,13-8,57.3,117,41.9,267,17.9,171
190,TCU,Big 12,49.1,-0.3,10,9-11,42.5,276,56.6,101,19.3,111
191,Santa Clara,WCC,48.6,-0.5,10,10-14,46.0,233,52.6,137,20.9,64
192,Southern,SWAC,48.5,-0.5,1,12-10,57.1,118,41.4,274,15.9,249
193,Elon,Southern,48.3,-0.6,2,12-11,52.3,170,46.0,213,20.3,82
194,Sam Houston,Southland,48.2,-0.6,2,16-6,60.3,92,37.8,328,19.0,128
195,Miami (OH),MAC,48.1,-0.6,9,9-10,45.6,240,52.5,139,20.2,85
196,South Dakota St,Summit,47.9,-0.7,5,12-10,51.6,177,46.4,209,16.2,240
197,Oakland,Horizon,47.9,-0.7,8,9-15,41.9,285,56.0,105,21.9,39
198,Charl Southern,Big South,47.7,-0.8,1,10-11,56.8,120,40.9,283,20.7,67
199,TX-Arlington,Sun Belt,47.5,-0.8,5,9-12,48.4,211,49.1,176,15.0,272
200,Charleston,CAA,47.2,-0.9,5,12-11,51.2,183,46.0,214,24.3,7
201,Northeastern,CAA,47.1,-1.0,6,7-16,42.6,275,54.5,117,18.0,165
202,Oral Roberts,Southland,47.1,-1.0,3,10-12,49.5,200,47.5,194,19.2,114
203,Coast Carolina,Big South,47.0,-1.0,2,13-9,57.6,114,39.4,309,17.9,172
204,North Texas,C-USA,46.9,-1.0,9,11-10,48.2,214,48.7,183,25.5,3
205,Air Force,MW,46.9,-1.0,10,9-11,48.0,215,48.8,179,20.3,83
206,Rider,MAAC,46.8,-1.1,5,12-9,51.1,185,45.7,217,21.9,36
207,UL Monroe,Sun Belt,46.5,-1.1,6,7-10,41.0,291,55.5,110,21.4,51
208,Evansville,MVC,46.3,-1.2,7,10-13,45.4,242,50.9,150,20.9,61
209,Bradley,MVC,46.2,-1.2,8,9-14,43.6,268,52.6,136,22.0,34
210,Siena,MAAC,45.9,-1.4,6,10-13,44.7,250,51.2,147,19.9,92
211,South Dakota,Summit,45.5,-1.5,6,8-13,44.9,248,50.7,154,20.3,80
212,Wofford,Southern,45.5,-1.5,3,11-10,52.7,166,42.8,261,22.0,35
213,Morgan State,MEAC,45.0,-1.6,2,8-12,45.6,239,49.4,173,19.0,127
214,Gardner-Webb,Big South,44.9,-1.7,3,12-11,55.7,132,39.2,311,16.9,210
215,Florida Atl,C-USA,44.8,-1.7,10,8-14,46.8,229,47.9,191,21.8,42
216,Yale,Ivy,44.7,-1.7,6,9-9,47.8,217,46.8,201,18.7,136
217,Colgate,Patriot,44.6,-1.8,5,8-13,51.1,187,43.6,248,21.1,55
218,Montana,Big Sky,44.5,-1.8,3,10-9,53.7,155,40.8,285,17.0,207
219,Radford,Big South,44.4,-1.8,4,14-9,58.7,105,35.7,342,20.7,66
220,CSU Bakersfield,WAC,44.3,-1.9,3,9-13,51.2,184,43.2,253,19.5,104
221,N Illinois,MAC,44.2,-1.9,10,9-11,43.4,269,50.8,151,19.2,117
222,S Illinois,MVC,44.0,-2.0,9,8-15,45.9,235,48.1,189,16.0,245
223,UNC Asheville,Big South,43.8,-2.1,5,11-11,52.5,169,41.3,277,21.2,53
224,Marshall,C-USA,43.8,-2.1,11,8-15,47.6,218,46.1,211,19.5,107
225,Florida Gulf Coast,A-Sun,43.8,-2.1,3,14-9,55.7,133,38.1,324,19.8,97
226,St Francis (NY),NEC,43.6,-2.1,3,14-9,51.9,174,41.7,272,20.5,73
227,Incarnate Word,Southland,43.4,-2.2,4,16-5,71.9,22,21.5,351,16.3,233
228,East Carolina,C-USA,43.2,-2.2,12,12-10,53.4,160,39.8,304,20.6,71
229,Northwestern St,Southland,43.1,-2.3,5,9-11,48.7,207,44.4,235,17.3,195
230,Albany,Am. East,43.1,-2.3,3,11-11,49.3,202,43.8,245,25.0,4
231,SE Missouri St,OVC,43.1,-2.3,5,12-11,54.6,144,38.4,319,18.5,144
232,Chattanooga,Southern,42.9,-2.4,4,15-9,56.6,121,36.3,339,20.6,68
233,AR-Little Rock,Sun Belt,42.5,-2.5,7,12-10,44.8,249,47.7,193,16.4,231
234,Hampton,MEAC,42.5,-2.5,3,11-11,52.1,171,40.4,296,18.0,167
235,Lehigh,Patriot,42.4,-2.5,6,12-11,47.9,216,44.5,233,16.3,234
236,Grand Canyon,WAC,42.3,-2.5,4,11-10,51.8,175,40.5,293,16.6,221
237,Seattle U,WAC,42.1,-2.6,5,10-10,51.5,179,40.6,291,15.7,258
238,South Alabama,Sun Belt,42.0,-2.6,8,7-15,43.9,263,48.1,188,19.5,106
239,Army,Patriot,41.9,-2.7,7,11-10,52.0,173,39.9,301,18.1,159
240,Loyola (IL),MVC,41.7,-2.7,10,8-14,47.2,225,44.5,232,20.4,75
241,N Arizona,Big Sky,41.7,-2.7,4,9-12,47.3,224,44.4,236,20.6,70
242,Wagner,NEC,41.4,-2.9,4,10-11,50.0,195,41.4,275,21.7,45
243,North Dakota,Big Sky,41.3,-2.9,5,9-11,46.6,231,44.6,231,23.0,21
244,VMI,Big South,41.1,-3.0,6,12-9,56.2,129,34.9,345,21.0,60
245,W Carolina,Southern,41.0,-3.0,5,12-11,50.3,192,40.7,289,18.7,138
246,Hartford,Am. East,40.6,-3.1,4,10-14,46.9,226,43.7,246,23.4,15
247,Marist,MAAC,40.5,-3.2,7,8-14,40.7,293,49.7,166,22.3,31
248,Texas A&M-CC,Southland,40.4,-3.2,6,10-13,49.6,198,40.8,286,20.4,79
249,Monmouth,MAAC,40.3,-3.2,8,10-12,45.5,241,44.8,227,20.1,88
250,W Illinois,Summit,40.2,-3.3,7,9-13,47.4,222,42.7,264,21.4,50
251,East Tenn St,A-Sun,40.0,-3.3,4,12-11,49.2,203,40.8,284,20.0,91
252,Idaho State,Big Sky,39.8,-3.4,6,7-12,48.7,209,41.1,279,17.1,202
253,James Madison,CAA,39.7,-3.4,7,8-14,41.5,289,48.2,187,19.3,112
254,Portland State,Big Sky,39.3,-3.6,7,11-8,51.1,186,38.3,322,19.1,123
255,Alabama State,SWAC,39.2,-3.6,2,13-7,58.0,110,31.2,350,17.5,191
256,Winthrop,Big South,39.0,-3.7,7,10-10,48.7,208,40.3,297,18.7,137
257,FIU,C-USA,38.9,-3.7,13,11-11,46.1,232,42.8,262,20.9,62
258,Pennsylvania,Ivy,38.8,-3.7,7,4-13,34.8,322,54.1,122,16.8,214
259,North Florida,A-Sun,38.6,-3.8,5,12-12,47.6,219,41.0,281,15.9,250
260,Montana State,Big Sky,38.3,-3.9,8,10-11,49.6,199,38.7,314,22.8,23
261,Tulane,C-USA,38.3,-3.9,14,11-11,42.6,274,45.6,219,22.7,26
262,CS Fullerton,Big West,38.2,-3.9,6,7-13,40.1,294,48.1,190,23.7,12
263,New Orleans,Southland,38.1,-4.0,7,8-9,44.0,259,44.1,239,20.0,89
264,Troy,Sun Belt,38.0,-4.0,9,7-14,43.9,264,44.2,238,20.6,72
265,E Washington,Big Sky,37.8,-4.1,9,9-12,43.8,265,44.0,240,21.9,37
266,Mount St Mary's,NEC,37.6,-4.2,5,9-12,42.8,273,44.8,228,19.3,109
267,Texas State,Sun Belt,37.2,-4.3,10,6-15,42.1,283,45.1,223,18.4,152
268,Liberty,Big South,37.0,-4.4,8,9-14,49.8,196,37.2,332,18.9,131
269,UIC,Horizon,36.9,-4.4,9,5-18,36.7,309,50.1,162,17.1,198
270,Cent Michigan,MAC,36.8,-4.4,11,7-13,44.3,254,42.5,266,18.1,162
271,CS Northridge,Big West,36.8,-4.4,7,11-12,45.7,236,41.1,280,15.2,267
272,Tennessee Tech,OVC,36.6,-4.5,6,11-13,45.6,238,41.0,282,19.9,93
273,UC Riverside,Big West,36.6,-4.5,8,7-14,46.0,234,40.6,292,13.9,295
274,UMKC,WAC,36.4,-4.6,6,7-14,35.7,316,50.7,155,22.5,28
275,Hofstra,CAA,36.2,-4.7,8,7-16,36.5,311,49.7,168,18.0,166
276,High Point,Big South,35.8,-4.8,9,9-12,43.0,271,42.8,263,20.5,74
277,Norfolk State,MEAC,35.5,-4.9,4,12-10,50.8,189,34.8,346,17.7,179
278,Chicago State,WAC,35.5,-4.9,7,9-12,38.7,300,46.8,202,16.0,247
279,Idaho,WAC,35.1,-5.0,8,8-14,42.1,281,43.0,257,13.6,301
280,San Jose State,MW,35.1,-5.0,11,6-16,34.0,327,51.1,148,18.2,158
281,UNC-Wilmington,CAA,34.5,-5.3,9,6-17,36.8,308,47.7,192,16.9,211
282,Coppin State,MEAC,34.2,-5.4,5,8-14,37.5,306,46.7,206,17.7,181
283,Ga. Southern,Southern,34.2,-5.4,6,11-12,51.0,188,33.2,349,17.5,188
284,Lafayette,Patriot,34.0,-5.4,8,5-16,41.5,288,42.6,265,19.6,101
285,SE Louisiana,Southland,33.8,-5.5,8,9-11,46.9,227,36.9,337,14.0,293
286,Jacksonville,A-Sun,33.7,-5.6,6,9-13,43.9,262,39.8,305,17.7,182
287,Austin Peay,OVC,33.5,-5.6,7,9-13,45.3,243,38.2,323,20.4,78
288,Ball State,MAC,33.4,-5.7,12,4-15,34.0,328,49.4,171,16.4,229
289,Niagara,MAAC,33.4,-5.7,9,6-17,36.5,310,46.8,203,20.0,90
290,Lipscomb,A-Sun,33.3,-5.7,7,10-12,45.0,247,38.3,320,14.9,275
291,Jackson State,SWAC,33.3,-5.7,3,7-14,40.1,296,43.2,251,15.8,252
292,Sacramento St,Big Sky,33.3,-5.7,10,8-11,44.1,258,39.2,312,20.2,86
293,St. Peter's,MAAC,33.2,-5.7,10,7-13,40.0,297,43.2,252,19.2,118
294,Loyola (MD),Patriot,32.7,-5.9,9,9-12,40.9,292,41.9,268,14.1,289
295,Savannah State,MEAC,32.7,-5.9,6,8-15,42.3,279,40.4,295,16.6,223
296,Texas Southern,SWAC,32.4,-6.0,4,9-12,46.9,228,35.5,344,15.8,251
297,Jacksonville St,OVC,32.3,-6.1,8,10-15,44.3,256,38.1,325,17.0,205
298,Fairfield,MAAC,32.0,-6.2,11,4-19,30.7,339,51.3,146,18.4,151
299,Nicholls State,Southland,32.0,-6.2,9,10-8,44.0,261,38.0,326,16.0,248
300,Northern Kentucky,A-Sun,31.9,-6.2,8,8-15,40.1,295,41.8,269,18.0,169
301,UNC Greensboro,Southern,31.8,-6.2,7,11-13,44.7,251,37.2,331,17.6,183
302,Fair Dickinson,NEC,31.3,-6.5,6,8-14,38.4,301,42.9,260,23.0,18
303,McNeese State,Southland,31.0,-6.6,10,7-14,35.4,318,45.6,220,16.6,224
304,Campbell,Big South,30.9,-6.6,10,11-12,45.0,246,35.9,341,17.5,190
305,SIU Edwardsville,OVC,30.7,-6.7,9,8-15,42.1,282,38.6,317,14.4,281
306,UTSA,C-USA,30.2,-6.9,15,7-13,36.2,313,44.0,241,21.2,52
307,Alcorn State,SWAC,29.7,-7.1,5,8-13,44.2,257,35.5,343,17.3,197
308,TX-Pan American,WAC,29.3,-7.2,9,6-17,38.1,302,41.2,278,18.2,157
309,Rice,C-USA,29.2,-7.3,16,6-15,35.3,320,43.9,242,14.0,294
310,UC Davis,Big West,29.1,-7.3,9,7-15,35.6,317,43.5,250,18.4,150
311,Florida A&M,MEAC,29.0,-7.4,7,8-14,42.0,284,36.9,335,13.4,306
312,UMass Lowell,Am. East,28.9,-7.4,5,7-14,34.2,325,44.7,229,17.8,176
313,IUPUI,Summit,28.7,-7.5,8,5-19,33.0,333,45.7,218,19.4,108
314,Samford,Southern,28.5,-7.5,8,10-14,41.6,287,36.9,336,18.1,163
315,Abilene Christian,Southland,28.4,-7.6,11,7-15,41.2,290,37.1,333,17.9,174
316,E Illinois,OVC,28.1,-7.7,10,8-14,36.4,312,41.7,271,16.6,219
317,Delaware State,MEAC,27.7,-7.9,8,4-17,34.0,326,43.7,247,14.8,278
318,LIU Brooklyn,NEC,27.4,-8.0,7,7-14,36.1,314,41.3,276,16.1,243
319,New Hampshire,Am. East,26.8,-8.3,6,5-16,33.2,331,43.6,249,21.8,40
320,UMBC,Am. East,26.6,-8.3,7,7-15,38.0,305,38.6,315,16.4,232
321,Tennessee St,OVC,26.5,-8.4,11,3-21,31.4,337,45.0,225,13.7,299
322,N.J.I.T.,Indep.,26.4,-8.4,1,9-15,41.9,286,34.5,347,16.4,228
323,Appalachian St,Southern,26.3,-8.5,9,6-15,39.7,298,36.5,338,16.0,246
324,UT Martin,OVC,26.1,-8.5,12,7-17,37.0,307,39.1,313,14.3,284
325,Alabama A&M,SWAC,26.0,-8.6,6,8-11,42.2,280,33.9,348,11.8,323
326,Navy,Patriot,25.9,-8.6,10,7-14,38.0,304,37.9,327,18.1,164
327,N Carolina A&T,MEAC,25.1,-8.9,9,7-16,34.4,324,40.7,288,14.8,277
328,S Carolina St,MEAC,24.9,-9.1,10,8-14,35.0,321,39.9,302,17.4,193
329,Longwood,Big South,24.8,-9.1,11,7-16,35.4,319,39.4,308,16.2,237
330,Cent Arkansas,Southland,24.7,-9.1,12,5-15,34.6,323,40.1,299,14.2,288
331,Sacred Heart,NEC,24.2,-9.3,8,4-19,33.5,330,40.7,287,16.5,227
332,PV A&M,SWAC,24.2,-9.4,7,6-15,32.4,335,41.8,270,13.1,310
333,Furman,Southern,24.0,-9.5,10,7-15,38.1,303,35.9,340,18.0,170
334,Cent Conn St,NEC,23.5,-9.7,9,6-15,33.9,329,39.7,306,16.8,216
335,AR-Pine Bluff,SWAC,23.2,-9.8,8,6-15,30.1,342,43.1,255,13.0,311
336,Maine,Am. East,23.2,-9.8,8,5-16,30.2,341,43.0,258,15.6,260
337,Howard,MEAC,23.1,-9.8,11,6-17,33.1,332,40.0,300,14.1,290
338,Miss Valley St,SWAC,23.0,-9.9,9,8-14,35.8,315,37.2,330,14.1,292
339,St Francis (PA),NEC,22.8,-10.0,10,6-15,32.7,334,40.1,298,11.8,322
340,Stetson,A-Sun,21.9,-10.4,9,6-16,31.3,338,40.6,290,12.9,313
341,Houston Baptist,Southland,21.3,-10.7,13,4-18,26.3,346,45.0,226,12.9,312
342,Binghamton,Am. East,20.9,-10.9,9,4-18,27.1,345,43.8,243,18.0,168
343,Cornell,Ivy,20.1,-11.3,8,1-17,22.8,349,47.3,196,11.5,324
344,Kennesaw State,A-Sun,19.7,-11.5,10,4-20,25.5,347,44.2,237,15.1,268
345,Bethune-Cookman,MEAC,19.0,-11.9,12,5-20,31.9,336,37.1,334,13.7,298
346,MD-E Shore,MEAC,18.7,-12.0,13,3-16,28.9,343,39.8,303,13.4,305
347,The Citadel,Southern,18.6,-12.1,11,4-20,30.3,340,38.3,321,13.2,308
348,Lamar,Southland,17.2,-12.9,14,3-19,24.2,348,43.0,256,9.5,339
349,Presbyterian,Big South,16.3,-13.4,12,4-19,27.7,344,38.6,316,13.2,307
350,Southern Utah,Big Sky,15.0,-14.2,11,1-18,18.3,351,46.7,205,8.4,343
351,Grambling St,SWAC,9.4,-18.6,10,1-17,21.9,350,37.4,329,5.2,350
